,mimic3,mimic4,column_mimic3,column_mimic4_candidate_1,candidate_1_scores,dtype_mimic3,mimic3_filepath,mimic4_filepath
0,PROCEDUREEVENTS_MV,procedureevents.csv,Unnamed: 0,unnamed: 0,100,int,../basic_filtered_data/mimic-iii-demo/PROCEDUREEVENTS_MV.csv,../basic_filtered_data/mimic-iv-demo/2.2/icu/procedureevents.csv.gz
1,PROCEDUREEVENTS_MV,procedureevents.csv,row_id,caregiver_id,60,int,../basic_filtered_data/mimic-iii-demo/PROCEDUREEVENTS_MV.csv,../basic_filtered_data/mimic-iv-demo/2.2/icu/procedureevents.csv.gz
2,PROCEDUREEVENTS_MV,procedureevents.csv,subject_id,subject_id,100,int,../basic_filtered_data/mimic-iii-demo/PROCEDUREEVENTS_MV.csv,../basic_filtered_data/mimic-iv-demo/2.2/icu/procedureevents.csv.gz
3,PROCEDUREEVENTS_MV,procedureevents.csv,hadm_id,hadm_id,100,int,../basic_filtered_data/mimic-iii-demo/PROCEDUREEVENTS_MV.csv,../basic_filtered_data/mimic-iv-demo/2.2/icu/procedureevents.csv.gz
4,PROCEDUREEVENTS_MV,procedureevents.csv,icustay_id,stay_id,82,int,../basic_filtered_data/mimic-iii-demo/PROCEDUREEVENTS_MV.csv,../basic_filtered_data/mimic-iv-demo/2.2/icu/procedureevents.csv.gz
5,PROCEDUREEVENTS_MV,procedureevents.csv,starttime,starttime,100,datetime,../basic_filtered_data/mimic-iii-demo/PROCEDUREEVENTS_MV.csv,../basic_filtered_data/mimic-iv-demo/2.2/icu/procedureevents.csv.gz
6,PROCEDUREEVENTS_MV,procedureevents.csv,endtime,endtime,100,datetime,../basic_filtered_data/mimic-iii-demo/PROCEDUREEVENTS_MV.csv,../basic_filtered_data/mimic-iv-demo/2.2/icu/procedureevents.csv.gz
7,PROCEDUREEVENTS_MV,procedureevents.csv,itemid,itemid,100,datetime,../basic_filtered_data/mimic-iii-demo/PROCEDUREEVENTS_MV.csv,../basic_filtered_data/mimic-iv-demo/2.2/icu/procedureevents.csv.gz
8,PROCEDUREEVENTS_MV,procedureevents.csv,value,value,100,int,../basic_filtered_data/mimic-iii-demo/PROCEDUREEVENTS_MV.csv,../basic_filtered_data/mimic-iv-demo/2.2/icu/procedureevents.csv.gz
9,PROCEDUREEVENTS_MV,procedureevents.csv,valueuom,valueuom,100,string,../basic_filtered_data/mimic-iii-demo/PROCEDUREEVENTS_MV.csv,../basic_filtered_data/mimic-iv-demo/2.2/icu/procedureevents.csv.gz
10,PROCEDUREEVENTS_MV,procedureevents.csv,location,location,100,string,../basic_filtered_data/mimic-iii-demo/PROCEDUREEVENTS_MV.csv,../basic_filtered_data/mimic-iv-demo/2.2/icu/procedureevents.csv.gz
11,PROCEDUREEVENTS_MV,procedureevents.csv,locationcategory,locationcategory,100,string,../basic_filtered_data/mimic-iii-demo/PROCEDUREEVENTS_MV.csv,../basic_filtered_data/mimic-iv-demo/2.2/icu/procedureevents.csv.gz
12,PROCEDUREEVENTS_MV,procedureevents.csv,storetime,storetime,100,datetime,../basic_filtered_data/mimic-iii-demo/PROCEDUREEVENTS_MV.csv,../basic_filtered_data/mimic-iv-demo/2.2/icu/procedureevents.csv.gz
13,PROCEDUREEVENTS_MV,procedureevents.csv,cgid,caregiver_id,50,int,../basic_filtered_data/mimic-iii-demo/PROCEDUREEVENTS_MV.csv,../basic_filtered_data/mimic-iv-demo/2.2/icu/procedureevents.csv.gz
14,PROCEDUREEVENTS_MV,procedureevents.csv,orderid,orderid,100,int,../basic_filtered_data/mimic-iii-demo/PROCEDUREEVENTS_MV.csv,../basic_filtered_data/mimic-iv-demo/2.2/icu/procedureevents.csv.gz
15,PROCEDUREEVENTS_MV,procedureevents.csv,linkorderid,linkorderid,100,int,../basic_filtered_data/mimic-iii-demo/PROCEDUREEVENTS_MV.csv,../basic_filtered_data/mimic-iv-demo/2.2/icu/procedureevents.csv.gz
16,PROCEDUREEVENTS_MV,procedureevents.csv,ordercategoryname,ordercategoryname,100,string,../basic_filtered_data/mimic-iii-demo/PROCEDUREEVENTS_MV.csv,../basic_filtered_data/mimic-iv-demo/2.2/icu/procedureevents.csv.gz
17,PROCEDUREEVENTS_MV,procedureevents.csv,secondaryordercategoryname,ordercategoryname,90,,../basic_filtered_data/mimic-iii-demo/PROCEDUREEVENTS_MV.csv,../basic_filtered_data/mimic-iv-demo/2.2/icu/procedureevents.csv.gz
18,PROCEDUREEVENTS_MV,procedureevents.csv,ordercategorydescription,ordercategorydescription,100,string,../basic_filtered_data/mimic-iii-demo/PROCEDUREEVENTS_MV.csv,../basic_filtered_data/mimic-iv-demo/2.2/icu/procedureevents.csv.gz
19,PROCEDUREEVENTS_MV,procedureevents.csv,isopenbag,isopenbag,100,int,../basic_filtered_data/mimic-iii-demo/PROCEDUREEVENTS_MV.csv,../basic_filtered_data/mimic-iv-demo/2.2/icu/procedureevents.csv.gz
20,PROCEDUREEVENTS_MV,procedureevents.csv,continueinnextdept,continueinnextdept,100,int,../basic_filtered_data/mimic-iii-demo/PROCEDUREEVENTS_MV.csv,../basic_filtered_data/mimic-iv-demo/2.2/icu/procedureevents.csv.gz
21,PROCEDUREEVENTS_MV,procedureevents.csv,cancelreason,location,45,int,../basic_filtered_data/mimic-iii-demo/PROCEDUREEVENTS_MV.csv,../basic_filtered_data/mimic-iv-demo/2.2/icu/procedureevents.csv.gz
22,PROCEDUREEVENTS_MV,procedureevents.csv,statusdescription,statusdescription,100,string,../basic_filtered_data/mimic-iii-demo/PROCEDUREEVENTS_MV.csv,../basic_filtered_data/mimic-iv-demo/2.2/icu/procedureevents.csv.gz
23,PROCEDUREEVENTS_MV,procedureevents.csv,comments_editedby,itemid,60,string,../basic_filtered_data/mimic-iii-demo/PROCEDUREEVENTS_MV.csv,../basic_filtered_data/mimic-iv-demo/2.2/icu/procedureevents.csv.gz
24,PROCEDUREEVENTS_MV,procedureevents.csv,comments_canceledby,continueinnextdept,43,string,../basic_filtered_data/mimic-iii-demo/PROCEDUREEVENTS_MV.csv,../basic_filtered_data/mimic-iv-demo/2.2/icu/procedureevents.csv.gz
25,PROCEDUREEVENTS_MV,procedureevents.csv,comments_date,locationcategory,41,datetime,../basic_filtered_data/mimic-iii-demo/PROCEDUREEVENTS_MV.csv,../basic_filtered_data/mimic-iv-demo/2.2/icu/procedureevents.csv.gz
26,PROCEDUREEVENTS_MV,procedureevents.csv,filepath,filepath,100,../basic_filtered_data/mimic-iii-demo/PROCEDUREEVENTS_MV.csv,../basic_filtered_data/mimic-iii-demo/PROCEDUREEVENTS_MV.csv,../basic_filtered_data/mimic-iv-demo/2.2/icu/procedureevents.csv.gz
0,CALLOUT,outputevents.csv,Unnamed: 0,unnamed: 0,100,int,../basic_filtered_data/mimic-iii-demo/CALLOUT.csv,../basic_filtered_data/mimic-iv-demo/2.2/icu/outputevents.csv.gz
1,CALLOUT,outputevents.csv,row_id,caregiver_id,60,int,../basic_filtered_data/mimic-iii-demo/CALLOUT.csv,../basic_filtered_data/mimic-iv-demo/2.2/icu/outputevents.csv.gz
2,CALLOUT,outputevents.csv,subject_id,subject_id,100,int,../basic_filtered_data/mimic-iii-demo/CALLOUT.csv,../basic_filtered_data/mimic-iv-demo/2.2/icu/outputevents.csv.gz
3,CALLOUT,outputevents.csv,hadm_id,hadm_id,100,int,../basic_filtered_data/mimic-iii-demo/CALLOUT.csv,../basic_filtered_data/mimic-iv-demo/2.2/icu/outputevents.csv.gz
4,CALLOUT,outputevents.csv,submit_wardid,subject_id,61,int,../basic_filtered_data/mimic-iii-demo/CALLOUT.csv,../basic_filtered_data/mimic-iv-demo/2.2/icu/outputevents.csv.gz
5,CALLOUT,outputevents.csv,submit_careunit,subject_id,48,string,../basic_filtered_data/mimic-iii-demo/CALLOUT.csv,../basic_filtered_data/mimic-iv-demo/2.2/icu/outputevents.csv.gz
6,CALLOUT,outputevents.csv,curr_wardid,hadm_id,60,int,../basic_filtered_data/mimic-iii-demo/CALLOUT.csv,../basic_filtered_data/mimic-iv-demo/2.2/icu/outputevents.csv.gz
7,CALLOUT,outputevents.csv,curr_careunit,itemid,45,string,../basic_filtered_data/mimic-iii-demo/CALLOUT.csv,../basic_filtered_data/mimic-iv-demo/2.2/icu/outputevents.csv.gz
8,CALLOUT,outputevents.csv,callout_wardid,hadm_id,60,int,../basic_filtered_data/mimic-iii-demo/CALLOUT.csv,../basic_filtered_data/mimic-iv-demo/2.2/icu/outputevents.csv.gz
9,CALLOUT,outputevents.csv,callout_service,itemid,40,string,../basic_filtered_data/mimic-iii-demo/CALLOUT.csv,../basic_filtered_data/mimic-iv-demo/2.2/icu/outputevents.csv.gz
10,CALLOUT,outputevents.csv,request_tele,stay_id,39,int,../basic_filtered_data/mimic-iii-demo/CALLOUT.csv,../basic_filtered_data/mimic-iv-demo/2.2/icu/outputevents.csv.gz
11,CALLOUT,outputevents.csv,request_resp,stay_id,39,int,../basic_filtered_data/mimic-iii-demo/CALLOUT.csv,../basic_filtered_data/mimic-iv-demo/2.2/icu/outputevents.csv.gz
12,CALLOUT,outputevents.csv,request_cdiff,stay_id,51,int,../basic_filtered_data/mimic-iii-demo/CALLOUT.csv,../basic_filtered_data/mimic-iv-demo/2.2/icu/outputevents.csv.gz
13,CALLOUT,outputevents.csv,request_mrsa,stay_id,39,int,../basic_filtered_data/mimic-iii-demo/CALLOUT.csv,../basic_filtered_data/mimic-iv-demo/2.2/icu/outputevents.csv.gz
14,CALLOUT,outputevents.csv,request_vre,stay_id,41,int,../basic_filtered_data/mimic-iii-demo/CALLOUT.csv,../basic_filtered_data/mimic-iv-demo/2.2/icu/outputevents.csv.gz
15,CALLOUT,outputevents.csv,callout_status,stay_id,41,string,../basic_filtered_data/mimic-iii-demo/CALLOUT.csv,../basic_filtered_data/mimic-iv-demo/2.2/icu/outputevents.csv.gz
16,CALLOUT,outputevents.csv,callout_outcome,valueuom,52,string,../basic_filtered_data/mimic-iii-demo/CALLOUT.csv,../basic_filtered_data/mimic-iv-demo/2.2/icu/outputevents.csv.gz
17,CALLOUT,outputevents.csv,discharge_wardid,hadm_id,60,int,../basic_filtered_data/mimic-iii-demo/CALLOUT.csv,../basic_filtered_data/mimic-iv-demo/2.2/icu/outputevents.csv.gz
18,CALLOUT,outputevents.csv,acknowledge_status,stay_id,41,string,../basic_filtered_data/mimic-iii-demo/CALLOUT.csv,../basic_filtered_data/mimic-iv-demo/2.2/icu/outputevents.csv.gz
19,CALLOUT,outputevents.csv,createtime,charttime,74,datetime,../basic_filtered_data/mimic-iii-demo/CALLOUT.csv,../basic_filtered_data/mimic-iv-demo/2.2/icu/outputevents.csv.gz
20,CALLOUT,outputevents.csv,updatetime,charttime,63,datetime,../basic_filtered_data/mimic-iii-demo/CALLOUT.csv,../basic_filtered_data/mimic-iv-demo/2.2/icu/outputevents.csv.gz
21,CALLOUT,outputevents.csv,acknowledgetime,storetime,50,datetime,../basic_filtered_data/mimic-iii-demo/CALLOUT.csv,../basic_filtered_data/mimic-iv-demo/2.2/icu/outputevents.csv.gz
22,CALLOUT,outputevents.csv,outcometime,storetime,60,datetime,../basic_filtered_data/mimic-iii-demo/CALLOUT.csv,../basic_filtered_data/mimic-iv-demo/2.2/icu/outputevents.csv.gz
23,CALLOUT,outputevents.csv,firstreservationtime,charttime,60,datetime,../basic_filtered_data/mimic-iii-demo/CALLOUT.csv,../basic_filtered_data/mimic-iv-demo/2.2/icu/outputevents.csv.gz
24,CALLOUT,outputevents.csv,currentreservationtime,charttime,60,datetime,../basic_filtered_data/mimic-iii-demo/CALLOUT.csv,../basic_filtered_data/mimic-iv-demo/2.2/icu/outputevents.csv.gz
25,CALLOUT,outputevents.csv,filepath,filepath,100,../basic_filtered_data/mimic-iii-demo/CALLOUT.csv,../basic_filtered_data/mimic-iii-demo/CALLOUT.csv,../basic_filtered_data/mimic-iv-demo/2.2/icu/outputevents.csv.gz
0,D_CPT,d_hcpcs.csv,Unnamed: 0,unnamed: 0,100,int,../basic_filtered_data/mimic-iii-demo/D_CPT.csv,../basic_filtered_data/mimic-iv-demo/2.2/hosp/d_hcpcs.csv.gz
1,D_CPT,d_hcpcs.csv,row_id,short_description,45,int,../basic_filtered_data/mimic-iii-demo/D_CPT.csv,../basic_filtered_data/mimic-iv-demo/2.2/hosp/d_hcpcs.csv.gz
2,D_CPT,d_hcpcs.csv,category,category,100,int,../basic_filtered_data/mimic-iii-demo/D_CPT.csv,../basic_filtered_data/mimic-iv-demo/2.2/hosp/d_hcpcs.csv.gz
3,D_CPT,d_hcpcs.csv,sectionrange,short_description,48,string,../basic_filtered_data/mimic-iii-demo/D_CPT.csv,../basic_filtered_data/mimic-iv-demo/2.2/hosp/d_hcpcs.csv.gz
4,D_CPT,d_hcpcs.csv,sectionheader,code,47,string,../basic_filtered_data/mimic-iii-demo/D_CPT.csv,../basic_filtered_data/mimic-iv-demo/2.2/hosp/d_hcpcs.csv.gz
5,D_CPT,d_hcpcs.csv,subsectionrange,code,45,string,../basic_filtered_data/mimic-iii-demo/D_CPT.csv,../basic_filtered_data/mimic-iv-demo/2.2/hosp/d_hcpcs.csv.gz
6,D_CPT,d_hcpcs.csv,subsectionheader,code,45,string,../basic_filtered_data/mimic-iii-demo/D_CPT.csv,../basic_filtered_data/mimic-iv-demo/2.2/hosp/d_hcpcs.csv.gz
7,D_CPT,d_hcpcs.csv,codesuffix,code,90,string,../basic_filtered_data/mimic-iii-demo/D_CPT.csv,../basic_filtered_data/mimic-iv-demo/2.2/hosp/d_hcpcs.csv.gz
8,D_CPT,d_hcpcs.csv,mincodeinsubsection,code,90,int,../basic_filtered_data/mimic-iii-demo/D_CPT.csv,../basic_filtered_data/mimic-iv-demo/2.2/hosp/d_hcpcs.csv.gz
9,D_CPT,d_hcpcs.csv,maxcodeinsubsection,code,90,int,../basic_filtered_data/mimic-iii-demo/D_CPT.csv,../basic_filtered_data/mimic-iv-demo/2.2/hosp/d_hcpcs.csv.gz
10,D_CPT,d_hcpcs.csv,filepath,filepath,100,../basic_filtered_data/mimic-iii-demo/D_CPT.csv,../basic_filtered_data/mimic-iii-demo/D_CPT.csv,../basic_filtered_data/mimic-iv-demo/2.2/hosp/d_hcpcs.csv.gz
0,D_ITEMS,d_items.csv,Unnamed: 0,unnamed: 0,100,int,../basic_filtered_data/mimic-iii-demo/D_ITEMS.csv,../basic_filtered_data/mimic-iv-demo/2.2/icu/d_items.csv.gz
1,D_ITEMS,d_items.csv,row_id,itemid,33,int,../basic_filtered_data/mimic-iii-demo/D_ITEMS.csv,../basic_filtered_data/mimic-iv-demo/2.2/icu/d_items.csv.gz
2,D_ITEMS,d_items.csv,itemid,itemid,100,int,../basic_filtered_data/mimic-iii-demo/D_ITEMS.csv,../basic_filtered_data/mimic-iv-demo/2.2/icu/d_items.csv.gz
3,D_ITEMS,d_items.csv,label,label,100,string,../basic_filtered_data/mimic-iii-demo/D_ITEMS.csv,../basic_filtered_data/mimic-iv-demo/2.2/icu/d_items.csv.gz
4,D_ITEMS,d_items.csv,abbreviation,abbreviation,100,string,../basic_filtered_data/mimic-iii-demo/D_ITEMS.csv,../basic_filtered_data/mimic-iv-demo/2.2/icu/d_items.csv.gz
5,D_ITEMS,d_items.csv,dbsource,abbreviation,34,string,../basic_filtered_data/mimic-iii-demo/D_ITEMS.csv,../basic_filtered_data/mimic-iv-demo/2.2/icu/d_items.csv.gz
6,D_ITEMS,d_items.csv,linksto,linksto,100,string,../basic_filtered_data/mimic-iii-demo/D_ITEMS.csv,../basic_filtered_data/mimic-iv-demo/2.2/icu/d_items.csv.gz
7,D_ITEMS,d_items.csv,category,category,100,string,../basic_filtered_data/mimic-iii-demo/D_ITEMS.csv,../basic_filtered_data/mimic-iv-demo/2.2/icu/d_items.csv.gz
8,D_ITEMS,d_items.csv,unitname,unitname,100,string,../basic_filtered_data/mimic-iii-demo/D_ITEMS.csv,../basic_filtered_data/mimic-iv-demo/2.2/icu/d_items.csv.gz
9,D_ITEMS,d_items.csv,param_type,param_type,100,string,../basic_filtered_data/mimic-iii-demo/D_ITEMS.csv,../basic_filtered_data/mimic-iv-demo/2.2/icu/d_items.csv.gz
10,D_ITEMS,d_items.csv,conceptid,itemid,54,,../basic_filtered_data/mimic-iii-demo/D_ITEMS.csv,../basic_filtered_data/mimic-iv-demo/2.2/icu/d_items.csv.gz
11,D_ITEMS,d_items.csv,filepath,filepath,100,../basic_filtered_data/mimic-iii-demo/D_ITEMS.csv,../basic_filtered_data/mimic-iii-demo/D_ITEMS.csv,../basic_filtered_data/mimic-iv-demo/2.2/icu/d_items.csv.gz
0,CAREGIVERS,chartevents.csv,Unnamed: 0,unnamed: 0,100,int,../basic_filtered_data/mimic-iii-demo/CAREGIVERS.csv,../basic_filtered_data/mimic-iv-demo/2.2/icu/chartevents.csv.gz
1,CAREGIVERS,chartevents.csv,row_id,caregiver_id,60,int,../basic_filtered_data/mimic-iii-demo/CAREGIVERS.csv,../basic_filtered_data/mimic-iv-demo/2.2/icu/chartevents.csv.gz
2,CAREGIVERS,chartevents.csv,cgid,caregiver_id,50,int,../basic_filtered_data/mimic-iii-demo/CAREGIVERS.csv,../basic_filtered_data/mimic-iv-demo/2.2/icu/chartevents.csv.gz
3,CAREGIVERS,chartevents.csv,label,value,40,string,../basic_filtered_data/mimic-iii-demo/CAREGIVERS.csv,../basic_filtered_data/mimic-iv-demo/2.2/icu/chartevents.csv.gz
4,CAREGIVERS,chartevents.csv,description,itemid,45,string,../basic_filtered_data/mimic-iii-demo/CAREGIVERS.csv,../basic_filtered_data/mimic-iv-demo/2.2/icu/chartevents.csv.gz
5,CAREGIVERS,chartevents.csv,filepath,filepath,100,../basic_filtered_data/mimic-iii-demo/CAREGIVERS.csv,../basic_filtered_data/mimic-iii-demo/CAREGIVERS.csv,../basic_filtered_data/mimic-iv-demo/2.2/icu/chartevents.csv.gz
0,MICROBIOLOGYEVENTS,microbiologyevents.csv,Unnamed: 0,unnamed: 0,100,int,../basic_filtered_data/mimic-iii-demo/MICROBIOLOGYEVENTS.csv,../basic_filtered_data/mimic-iv-demo/2.2/hosp/microbiologyevents.csv.gz
1,MICROBIOLOGYEVENTS,microbiologyevents.csv,row_id,order_provider_id,60,datetime,../basic_filtered_data/mimic-iii-demo/MICROBIOLOGYEVENTS.csv,../basic_filtered_data/mimic-iv-demo/2.2/hosp/microbiologyevents.csv.gz
2,MICROBIOLOGYEVENTS,microbiologyevents.csv,subject_id,subject_id,100,int,../basic_filtered_data/mimic-iii-demo/MICROBIOLOGYEVENTS.csv,../basic_filtered_data/mimic-iv-demo/2.2/hosp/microbiologyevents.csv.gz
3,MICROBIOLOGYEVENTS,microbiologyevents.csv,hadm_id,hadm_id,100,int,../basic_filtered_data/mimic-iii-demo/MICROBIOLOGYEVENTS.csv,../basic_filtered_data/mimic-iv-demo/2.2/hosp/microbiologyevents.csv.gz
4,MICROBIOLOGYEVENTS,microbiologyevents.csv,chartdate,chartdate,100,datetime,../basic_filtered_data/mimic-iii-demo/MICROBIOLOGYEVENTS.csv,../basic_filtered_data/mimic-iv-demo/2.2/hosp/microbiologyevents.csv.gz
5,MICROBIOLOGYEVENTS,microbiologyevents.csv,charttime,charttime,100,datetime,../basic_filtered_data/mimic-iii-demo/MICROBIOLOGYEVENTS.csv,../basic_filtered_data/mimic-iv-demo/2.2/hosp/microbiologyevents.csv.gz
6,MICROBIOLOGYEVENTS,microbiologyevents.csv,spec_itemid,spec_itemid,100,int,../basic_filtered_data/mimic-iii-demo/MICROBIOLOGYEVENTS.csv,../basic_filtered_data/mimic-iv-demo/2.2/hosp/microbiologyevents.csv.gz
7,MICROBIOLOGYEVENTS,microbiologyevents.csv,spec_type_desc,spec_type_desc,100,string,../basic_filtered_data/mimic-iii-demo/MICROBIOLOGYEVENTS.csv,../basic_filtered_data/mimic-iv-demo/2.2/hosp/microbiologyevents.csv.gz
8,MICROBIOLOGYEVENTS,microbiologyevents.csv,org_itemid,org_itemid,100,int,../basic_filtered_data/mimic-iii-demo/MICROBIOLOGYEVENTS.csv,../basic_filtered_data/mimic-iv-demo/2.2/hosp/microbiologyevents.csv.gz
9,MICROBIOLOGYEVENTS,microbiologyevents.csv,org_name,org_name,100,string,../basic_filtered_data/mimic-iii-demo/MICROBIOLOGYEVENTS.csv,../basic_filtered_data/mimic-iv-demo/2.2/hosp/microbiologyevents.csv.gz
10,MICROBIOLOGYEVENTS,microbiologyevents.csv,isolate_num,isolate_num,100,int,../basic_filtered_data/mimic-iii-demo/MICROBIOLOGYEVENTS.csv,../basic_filtered_data/mimic-iv-demo/2.2/hosp/microbiologyevents.csv.gz
11,MICROBIOLOGYEVENTS,microbiologyevents.csv,ab_itemid,ab_itemid,100,int,../basic_filtered_data/mimic-iii-demo/MICROBIOLOGYEVENTS.csv,../basic_filtered_data/mimic-iv-demo/2.2/hosp/microbiologyevents.csv.gz
12,MICROBIOLOGYEVENTS,microbiologyevents.csv,ab_name,ab_name,100,string,../basic_filtered_data/mimic-iii-demo/MICROBIOLOGYEVENTS.csv,../basic_filtered_data/mimic-iv-demo/2.2/hosp/microbiologyevents.csv.gz
13,MICROBIOLOGYEVENTS,microbiologyevents.csv,dilution_text,dilution_text,100,string,../basic_filtered_data/mimic-iii-demo/MICROBIOLOGYEVENTS.csv,../basic_filtered_data/mimic-iv-demo/2.2/hosp/microbiologyevents.csv.gz
14,MICROBIOLOGYEVENTS,microbiologyevents.csv,dilution_comparison,dilution_comparison,100,string,../basic_filtered_data/mimic-iii-demo/MICROBIOLOGYEVENTS.csv,../basic_filtered_data/mimic-iv-demo/2.2/hosp/microbiologyevents.csv.gz
15,MICROBIOLOGYEVENTS,microbiologyevents.csv,dilution_value,dilution_value,100,int,../basic_filtered_data/mimic-iii-demo/MICROBIOLOGYEVENTS.csv,../basic_filtered_data/mimic-iv-demo/2.2/hosp/microbiologyevents.csv.gz
16,MICROBIOLOGYEVENTS,microbiologyevents.csv,interpretation,interpretation,100,string,../basic_filtered_data/mimic-iii-demo/MICROBIOLOGYEVENTS.csv,../basic_filtered_data/mimic-iv-demo/2.2/hosp/microbiologyevents.csv.gz
17,MICROBIOLOGYEVENTS,microbiologyevents.csv,filepath,filepath,100,../basic_filtered_data/mimic-iii-demo/MICROBIOLOGYEVENTS.csv,../basic_filtered_data/mimic-iii-demo/MICROBIOLOGYEVENTS.csv,../basic_filtered_data/mimic-iv-demo/2.2/hosp/microbiologyevents.csv.gz
0,LABEVENTS,labevents.csv,Unnamed: 0,unnamed: 0,100,int,../basic_filtered_data/mimic-iii-demo/LABEVENTS.csv,../basic_filtered_data/mimic-iv-demo/2.2/hosp/labevents.csv.gz
1,LABEVENTS,labevents.csv,row_id,order_provider_id,60,int,../basic_filtered_data/mimic-iii-demo/LABEVENTS.csv,../basic_filtered_data/mimic-iv-demo/2.2/hosp/labevents.csv.gz
2,LABEVENTS,labevents.csv,subject_id,subject_id,100,int,../basic_filtered_data/mimic-iii-demo/LABEVENTS.csv,../basic_filtered_data/mimic-iv-demo/2.2/hosp/labevents.csv.gz
3,LABEVENTS,labevents.csv,hadm_id,hadm_id,100,int,../basic_filtered_data/mimic-iii-demo/LABEVENTS.csv,../basic_filtered_data/mimic-iv-demo/2.2/hosp/labevents.csv.gz
4,LABEVENTS,labevents.csv,itemid,itemid,100,int,../basic_filtered_data/mimic-iii-demo/LABEVENTS.csv,../basic_filtered_data/mimic-iv-demo/2.2/hosp/labevents.csv.gz
5,LABEVENTS,labevents.csv,charttime,charttime,100,datetime,../basic_filtered_data/mimic-iii-demo/LABEVENTS.csv,../basic_filtered_data/mimic-iv-demo/2.2/hosp/labevents.csv.gz
6,LABEVENTS,labevents.csv,value,value,100,string,../basic_filtered_data/mimic-iii-demo/LABEVENTS.csv,../basic_filtered_data/mimic-iv-demo/2.2/hosp/labevents.csv.gz
7,LABEVENTS,labevents.csv,valuenum,valuenum,100,float,../basic_filtered_data/mimic-iii-demo/LABEVENTS.csv,../basic_filtered_data/mimic-iv-demo/2.2/hosp/labevents.csv.gz
8,LABEVENTS,labevents.csv,valueuom,valueuom,100,string,../basic_filtered_data/mimic-iii-demo/LABEVENTS.csv,../basic_filtered_data/mimic-iv-demo/2.2/hosp/labevents.csv.gz
9,LABEVENTS,labevents.csv,flag,flag,100,string,../basic_filtered_data/mimic-iii-demo/LABEVENTS.csv,../basic_filtered_data/mimic-iv-demo/2.2/hosp/labevents.csv.gz
10,LABEVENTS,labevents.csv,filepath,filepath,100,../basic_filtered_data/mimic-iii-demo/LABEVENTS.csv,../basic_filtered_data/mimic-iii-demo/LABEVENTS.csv,../basic_filtered_data/mimic-iv-demo/2.2/hosp/labevents.csv.gz
0,INPUTEVENTS_CV,inputevents.csv,Unnamed: 0,unnamed: 0,100,int,../basic_filtered_data/mimic-iii-demo/INPUTEVENTS_CV.csv,../basic_filtered_data/mimic-iv-demo/2.2/icu/inputevents.csv.gz
1,INPUTEVENTS_CV,inputevents.csv,row_id,caregiver_id,60,int,../basic_filtered_data/mimic-iii-demo/INPUTEVENTS_CV.csv,../basic_filtered_data/mimic-iv-demo/2.2/icu/inputevents.csv.gz
2,INPUTEVENTS_CV,inputevents.csv,subject_id,subject_id,100,int,../basic_filtered_data/mimic-iii-demo/INPUTEVENTS_CV.csv,../basic_filtered_data/mimic-iv-demo/2.2/icu/inputevents.csv.gz
3,INPUTEVENTS_CV,inputevents.csv,hadm_id,hadm_id,100,int,../basic_filtered_data/mimic-iii-demo/INPUTEVENTS_CV.csv,../basic_filtered_data/mimic-iv-demo/2.2/icu/inputevents.csv.gz
4,INPUTEVENTS_CV,inputevents.csv,icustay_id,stay_id,82,int,../basic_filtered_data/mimic-iii-demo/INPUTEVENTS_CV.csv,../basic_filtered_data/mimic-iv-demo/2.2/icu/inputevents.csv.gz
5,INPUTEVENTS_CV,inputevents.csv,charttime,starttime,78,datetime,../basic_filtered_data/mimic-iii-demo/INPUTEVENTS_CV.csv,../basic_filtered_data/mimic-iv-demo/2.2/icu/inputevents.csv.gz
6,INPUTEVENTS_CV,inputevents.csv,itemid,itemid,100,int,../basic_filtered_data/mimic-iii-demo/INPUTEVENTS_CV.csv,../basic_filtered_data/mimic-iv-demo/2.2/icu/inputevents.csv.gz
7,INPUTEVENTS_CV,inputevents.csv,amount,amount,100,float,../basic_filtered_data/mimic-iii-demo/INPUTEVENTS_CV.csv,../basic_filtered_data/mimic-iv-demo/2.2/icu/inputevents.csv.gz
8,INPUTEVENTS_CV,inputevents.csv,amountuom,amountuom,100,string,../basic_filtered_data/mimic-iii-demo/INPUTEVENTS_CV.csv,../basic_filtered_data/mimic-iv-demo/2.2/icu/inputevents.csv.gz
9,INPUTEVENTS_CV,inputevents.csv,rate,rate,100,float,../basic_filtered_data/mimic-iii-demo/INPUTEVENTS_CV.csv,../basic_filtered_data/mimic-iv-demo/2.2/icu/inputevents.csv.gz
10,INPUTEVENTS_CV,inputevents.csv,rateuom,rateuom,100,string,../basic_filtered_data/mimic-iii-demo/INPUTEVENTS_CV.csv,../basic_filtered_data/mimic-iv-demo/2.2/icu/inputevents.csv.gz
11,INPUTEVENTS_CV,inputevents.csv,storetime,storetime,100,datetime,../basic_filtered_data/mimic-iii-demo/INPUTEVENTS_CV.csv,../basic_filtered_data/mimic-iv-demo/2.2/icu/inputevents.csv.gz
12,INPUTEVENTS_CV,inputevents.csv,cgid,caregiver_id,50,int,../basic_filtered_data/mimic-iii-demo/INPUTEVENTS_CV.csv,../basic_filtered_data/mimic-iv-demo/2.2/icu/inputevents.csv.gz
13,INPUTEVENTS_CV,inputevents.csv,orderid,orderid,100,int,../basic_filtered_data/mimic-iii-demo/INPUTEVENTS_CV.csv,../basic_filtered_data/mimic-iv-demo/2.2/icu/inputevents.csv.gz
14,INPUTEVENTS_CV,inputevents.csv,linkorderid,linkorderid,100,int,../basic_filtered_data/mimic-iii-demo/INPUTEVENTS_CV.csv,../basic_filtered_data/mimic-iv-demo/2.2/icu/inputevents.csv.gz
15,INPUTEVENTS_CV,inputevents.csv,stopped,ordercomponenttypedescription,51,string,../basic_filtered_data/mimic-iii-demo/INPUTEVENTS_CV.csv,../basic_filtered_data/mimic-iv-demo/2.2/icu/inputevents.csv.gz
16,INPUTEVENTS_CV,inputevents.csv,newbottle,ordercomponenttypedescription,50,int,../basic_filtered_data/mimic-iii-demo/INPUTEVENTS_CV.csv,../basic_filtered_data/mimic-iv-demo/2.2/icu/inputevents.csv.gz
17,INPUTEVENTS_CV,inputevents.csv,originalamount,originalamount,100,float,../basic_filtered_data/mimic-iii-demo/INPUTEVENTS_CV.csv,../basic_filtered_data/mimic-iv-demo/2.2/icu/inputevents.csv.gz
18,INPUTEVENTS_CV,inputevents.csv,originalamountuom,amount,90,string,../basic_filtered_data/mimic-iii-demo/INPUTEVENTS_CV.csv,../basic_filtered_data/mimic-iv-demo/2.2/icu/inputevents.csv.gz
19,INPUTEVENTS_CV,inputevents.csv,originalroute,originalrate,88,string,../basic_filtered_data/mimic-iii-demo/INPUTEVENTS_CV.csv,../basic_filtered_data/mimic-iv-demo/2.2/icu/inputevents.csv.gz
20,INPUTEVENTS_CV,inputevents.csv,originalrate,originalrate,100,float,../basic_filtered_data/mimic-iii-demo/INPUTEVENTS_CV.csv,../basic_filtered_data/mimic-iv-demo/2.2/icu/inputevents.csv.gz
21,INPUTEVENTS_CV,inputevents.csv,originalrateuom,rate,90,string,../basic_filtered_data/mimic-iii-demo/INPUTEVENTS_CV.csv,../basic_filtered_data/mimic-iv-demo/2.2/icu/inputevents.csv.gz
22,INPUTEVENTS_CV,inputevents.csv,originalsite,originalrate,83,string,../basic_filtered_data/mimic-iii-demo/INPUTEVENTS_CV.csv,../basic_filtered_data/mimic-iv-demo/2.2/icu/inputevents.csv.gz
23,INPUTEVENTS_CV,inputevents.csv,filepath,filepath,100,../basic_filtered_data/mimic-iii-demo/INPUTEVENTS_CV.csv,../basic_filtered_data/mimic-iii-demo/INPUTEVENTS_CV.csv,../basic_filtered_data/mimic-iv-demo/2.2/icu/inputevents.csv.gz
0,ADMISSIONS,admissions.csv,Unnamed: 0,unnamed: 0,100,int,../basic_filtered_data/mimic-iii-demo/ADMISSIONS.csv,../basic_filtered_data/mimic-iv-demo/2.2/hosp/admissions.csv.gz
1,ADMISSIONS,admissions.csv,row_id,admit_provider_id,60,int,../basic_filtered_data/mimic-iii-demo/ADMISSIONS.csv,../basic_filtered_data/mimic-iv-demo/2.2/hosp/admissions.csv.gz
2,ADMISSIONS,admissions.csv,subject_id,subject_id,100,int,../basic_filtered_data/mimic-iii-demo/ADMISSIONS.csv,../basic_filtered_data/mimic-iv-demo/2.2/hosp/admissions.csv.gz
3,ADMISSIONS,admissions.csv,hadm_id,hadm_id,100,int,../basic_filtered_data/mimic-iii-demo/ADMISSIONS.csv,../basic_filtered_data/mimic-iv-demo/2.2/hosp/admissions.csv.gz
4,ADMISSIONS,admissions.csv,admittime,admittime,100,datetime,../basic_filtered_data/mimic-iii-demo/ADMISSIONS.csv,../basic_filtered_data/mimic-iv-demo/2.2/hosp/admissions.csv.gz
5,ADMISSIONS,admissions.csv,dischtime,dischtime,100,datetime,../basic_filtered_data/mimic-iii-demo/ADMISSIONS.csv,../basic_filtered_data/mimic-iv-demo/2.2/hosp/admissions.csv.gz
6,ADMISSIONS,admissions.csv,deathtime,deathtime,100,datetime,../basic_filtered_data/mimic-iii-demo/ADMISSIONS.csv,../basic_filtered_data/mimic-iv-demo/2.2/hosp/admissions.csv.gz
7,ADMISSIONS,admissions.csv,admission_type,admission_type,100,string,../basic_filtered_data/mimic-iii-demo/ADMISSIONS.csv,../basic_filtered_data/mimic-iv-demo/2.2/hosp/admissions.csv.gz
8,ADMISSIONS,admissions.csv,admission_location,admission_location,100,string,../basic_filtered_data/mimic-iii-demo/ADMISSIONS.csv,../basic_filtered_data/mimic-iv-demo/2.2/hosp/admissions.csv.gz
9,ADMISSIONS,admissions.csv,discharge_location,discharge_location,100,string,../basic_filtered_data/mimic-iii-demo/ADMISSIONS.csv,../basic_filtered_data/mimic-iv-demo/2.2/hosp/admissions.csv.gz
10,ADMISSIONS,admissions.csv,insurance,insurance,100,string,../basic_filtered_data/mimic-iii-demo/ADMISSIONS.csv,../basic_filtered_data/mimic-iv-demo/2.2/hosp/admissions.csv.gz
11,ADMISSIONS,admissions.csv,language,language,100,string,../basic_filtered_data/mimic-iii-demo/ADMISSIONS.csv,../basic_filtered_data/mimic-iv-demo/2.2/hosp/admissions.csv.gz
12,ADMISSIONS,admissions.csv,religion,hospital_expire_flag,48,string,../basic_filtered_data/mimic-iii-demo/ADMISSIONS.csv,../basic_filtered_data/mimic-iv-demo/2.2/hosp/admissions.csv.gz
13,ADMISSIONS,admissions.csv,marital_status,marital_status,100,string,../basic_filtered_data/mimic-iii-demo/ADMISSIONS.csv,../basic_filtered_data/mimic-iv-demo/2.2/hosp/admissions.csv.gz
14,ADMISSIONS,admissions.csv,ethnicity,deathtime,44,string,../basic_filtered_data/mimic-iii-demo/ADMISSIONS.csv,../basic_filtered_data/mimic-iv-demo/2.2/hosp/admissions.csv.gz
15,ADMISSIONS,admissions.csv,edregtime,edregtime,100,datetime,../basic_filtered_data/mimic-iii-demo/ADMISSIONS.csv,../basic_filtered_data/mimic-iv-demo/2.2/hosp/admissions.csv.gz
16,ADMISSIONS,admissions.csv,edouttime,edouttime,100,datetime,../basic_filtered_data/mimic-iii-demo/ADMISSIONS.csv,../basic_filtered_data/mimic-iv-demo/2.2/hosp/admissions.csv.gz
17,ADMISSIONS,admissions.csv,diagnosis,dischtime,44,string,../basic_filtered_data/mimic-iii-demo/ADMISSIONS.csv,../basic_filtered_data/mimic-iv-demo/2.2/hosp/admissions.csv.gz
18,ADMISSIONS,admissions.csv,hospital_expire_flag,hospital_expire_flag,100,int,../basic_filtered_data/mimic-iii-demo/ADMISSIONS.csv,../basic_filtered_data/mimic-iv-demo/2.2/hosp/admissions.csv.gz
19,ADMISSIONS,admissions.csv,has_chartevents_data,dischtime,50,int,../basic_filtered_data/mimic-iii-demo/ADMISSIONS.csv,../basic_filtered_data/mimic-iv-demo/2.2/hosp/admissions.csv.gz
20,ADMISSIONS,admissions.csv,filepath,filepath,100,../basic_filtered_data/mimic-iii-demo/ADMISSIONS.csv,../basic_filtered_data/mimic-iii-demo/ADMISSIONS.csv,../basic_filtered_data/mimic-iv-demo/2.2/hosp/admissions.csv.gz
0,D_LABITEMS,d_labitems.csv,Unnamed: 0,unnamed: 0,100,int,../basic_filtered_data/mimic-iii-demo/D_LABITEMS.csv,../basic_filtered_data/mimic-iv-demo/2.2/hosp/d_labitems.csv.gz
1,D_LABITEMS,d_labitems.csv,row_id,fluid,36,int,../basic_filtered_data/mimic-iii-demo/D_LABITEMS.csv,../basic_filtered_data/mimic-iv-demo/2.2/hosp/d_labitems.csv.gz
2,D_LABITEMS,d_labitems.csv,itemid,itemid,100,int,../basic_filtered_data/mimic-iii-demo/D_LABITEMS.csv,../basic_filtered_data/mimic-iv-demo/2.2/hosp/d_labitems.csv.gz
3,D_LABITEMS,d_labitems.csv,label,label,100,string,../basic_filtered_data/mimic-iii-demo/D_LABITEMS.csv,../basic_filtered_data/mimic-iv-demo/2.2/hosp/d_labitems.csv.gz
4,D_LABITEMS,d_labitems.csv,fluid,fluid,100,string,../basic_filtered_data/mimic-iii-demo/D_LABITEMS.csv,../basic_filtered_data/mimic-iv-demo/2.2/hosp/d_labitems.csv.gz
5,D_LABITEMS,d_labitems.csv,category,category,100,string,../basic_filtered_data/mimic-iii-demo/D_LABITEMS.csv,../basic_filtered_data/mimic-iv-demo/2.2/hosp/d_labitems.csv.gz
6,D_LABITEMS,d_labitems.csv,loinc_code,fluid,40,string,../basic_filtered_data/mimic-iii-demo/D_LABITEMS.csv,../basic_filtered_data/mimic-iv-demo/2.2/hosp/d_labitems.csv.gz
7,D_LABITEMS,d_labitems.csv,filepath,filepath,100,../basic_filtered_data/mimic-iii-demo/D_LABITEMS.csv,../basic_filtered_data/mimic-iii-demo/D_LABITEMS.csv,../basic_filtered_data/mimic-iv-demo/2.2/hosp/d_labitems.csv.gz
0,DATETIMEEVENTS,datetimeevents.csv,Unnamed: 0,unnamed: 0,100,int,../basic_filtered_data/mimic-iii-demo/DATETIMEEVENTS.csv,../basic_filtered_data/mimic-iv-demo/2.2/icu/datetimeevents.csv.gz
1,DATETIMEEVENTS,datetimeevents.csv,row_id,caregiver_id,60,int,../basic_filtered_data/mimic-iii-demo/DATETIMEEVENTS.csv,../basic_filtered_data/mimic-iv-demo/2.2/icu/datetimeevents.csv.gz
2,DATETIMEEVENTS,datetimeevents.csv,subject_id,subject_id,100,int,../basic_filtered_data/mimic-iii-demo/DATETIMEEVENTS.csv,../basic_filtered_data/mimic-iv-demo/2.2/icu/datetimeevents.csv.gz
3,DATETIMEEVENTS,datetimeevents.csv,hadm_id,hadm_id,100,int,../basic_filtered_data/mimic-iii-demo/DATETIMEEVENTS.csv,../basic_filtered_data/mimic-iv-demo/2.2/icu/datetimeevents.csv.gz
4,DATETIMEEVENTS,datetimeevents.csv,icustay_id,stay_id,82,int,../basic_filtered_data/mimic-iii-demo/DATETIMEEVENTS.csv,../basic_filtered_data/mimic-iv-demo/2.2/icu/datetimeevents.csv.gz
5,DATETIMEEVENTS,datetimeevents.csv,itemid,itemid,100,int,../basic_filtered_data/mimic-iii-demo/DATETIMEEVENTS.csv,../basic_filtered_data/mimic-iv-demo/2.2/icu/datetimeevents.csv.gz
6,DATETIMEEVENTS,datetimeevents.csv,charttime,charttime,100,datetime,../basic_filtered_data/mimic-iii-demo/DATETIMEEVENTS.csv,../basic_filtered_data/mimic-iv-demo/2.2/icu/datetimeevents.csv.gz
7,DATETIMEEVENTS,datetimeevents.csv,storetime,storetime,100,datetime,../basic_filtered_data/mimic-iii-demo/DATETIMEEVENTS.csv,../basic_filtered_data/mimic-iv-demo/2.2/icu/datetimeevents.csv.gz
8,DATETIMEEVENTS,datetimeevents.csv,cgid,caregiver_id,50,int,../basic_filtered_data/mimic-iii-demo/DATETIMEEVENTS.csv,../basic_filtered_data/mimic-iv-demo/2.2/icu/datetimeevents.csv.gz
9,DATETIMEEVENTS,datetimeevents.csv,value,value,100,datetime,../basic_filtered_data/mimic-iii-demo/DATETIMEEVENTS.csv,../basic_filtered_data/mimic-iv-demo/2.2/icu/datetimeevents.csv.gz
10,DATETIMEEVENTS,datetimeevents.csv,valueuom,valueuom,100,string,../basic_filtered_data/mimic-iii-demo/DATETIMEEVENTS.csv,../basic_filtered_data/mimic-iv-demo/2.2/icu/datetimeevents.csv.gz
11,DATETIMEEVENTS,datetimeevents.csv,warning,warning,100,int,../basic_filtered_data/mimic-iii-demo/DATETIMEEVENTS.csv,../basic_filtered_data/mimic-iv-demo/2.2/icu/datetimeevents.csv.gz
12,DATETIMEEVENTS,datetimeevents.csv,error,valueuom,40,int,../basic_filtered_data/mimic-iii-demo/DATETIMEEVENTS.csv,../basic_filtered_data/mimic-iv-demo/2.2/icu/datetimeevents.csv.gz
13,DATETIMEEVENTS,datetimeevents.csv,resultstatus,stay_id,41,,../basic_filtered_data/mimic-iii-demo/DATETIMEEVENTS.csv,../basic_filtered_data/mimic-iv-demo/2.2/icu/datetimeevents.csv.gz
14,DATETIMEEVENTS,datetimeevents.csv,stopped,storetime,50,string,../basic_filtered_data/mimic-iii-demo/DATETIMEEVENTS.csv,../basic_filtered_data/mimic-iv-demo/2.2/icu/datetimeevents.csv.gz
15,DATETIMEEVENTS,datetimeevents.csv,filepath,filepath,100,../basic_filtered_data/mimic-iii-demo/DATETIMEEVENTS.csv,../basic_filtered_data/mimic-iii-demo/DATETIMEEVENTS.csv,../basic_filtered_data/mimic-iv-demo/2.2/icu/datetimeevents.csv.gz
0,PRESCRIPTIONS,prescriptions.csv,Unnamed: 0,unnamed: 0,100,int,../basic_filtered_data/mimic-iii-demo/PRESCRIPTIONS.csv,../basic_filtered_data/mimic-iv-demo/2.2/hosp/prescriptions.csv.gz
1,PRESCRIPTIONS,prescriptions.csv,row_id,poe_id,67,int,../basic_filtered_data/mimic-iii-demo/PRESCRIPTIONS.csv,../basic_filtered_data/mimic-iv-demo/2.2/hosp/prescriptions.csv.gz
2,PRESCRIPTIONS,prescriptions.csv,subject_id,subject_id,100,int,../basic_filtered_data/mimic-iii-demo/PRESCRIPTIONS.csv,../basic_filtered_data/mimic-iv-demo/2.2/hosp/prescriptions.csv.gz
3,PRESCRIPTIONS,prescriptions.csv,hadm_id,hadm_id,100,int,../basic_filtered_data/mimic-iii-demo/PRESCRIPTIONS.csv,../basic_filtered_data/mimic-iv-demo/2.2/hosp/prescriptions.csv.gz
4,PRESCRIPTIONS,prescriptions.csv,icustay_id,subject_id,50,int,../basic_filtered_data/mimic-iii-demo/PRESCRIPTIONS.csv,../basic_filtered_data/mimic-iv-demo/2.2/hosp/prescriptions.csv.gz
5,PRESCRIPTIONS,prescriptions.csv,startdate,starttime,78,datetime,../basic_filtered_data/mimic-iii-demo/PRESCRIPTIONS.csv,../basic_filtered_data/mimic-iv-demo/2.2/hosp/prescriptions.csv.gz
6,PRESCRIPTIONS,prescriptions.csv,enddate,ndc,60,datetime,../basic_filtered_data/mimic-iii-demo/PRESCRIPTIONS.csv,../basic_filtered_data/mimic-iv-demo/2.2/hosp/prescriptions.csv.gz
7,PRESCRIPTIONS,prescriptions.csv,drug_type,drug_type,100,string,../basic_filtered_data/mimic-iii-demo/PRESCRIPTIONS.csv,../basic_filtered_data/mimic-iv-demo/2.2/hosp/prescriptions.csv.gz
8,PRESCRIPTIONS,prescriptions.csv,drug,drug,100,string,../basic_filtered_data/mimic-iii-demo/PRESCRIPTIONS.csv,../basic_filtered_data/mimic-iv-demo/2.2/hosp/prescriptions.csv.gz
9,PRESCRIPTIONS,prescriptions.csv,drug_name_poe,drug,90,string,../basic_filtered_data/mimic-iii-demo/PRESCRIPTIONS.csv,../basic_filtered_data/mimic-iv-demo/2.2/hosp/prescriptions.csv.gz
10,PRESCRIPTIONS,prescriptions.csv,drug_name_generic,drug,90,string,../basic_filtered_data/mimic-iii-demo/PRESCRIPTIONS.csv,../basic_filtered_data/mimic-iv-demo/2.2/hosp/prescriptions.csv.gz
11,PRESCRIPTIONS,prescriptions.csv,formulary_drug_cd,formulary_drug_cd,100,string,../basic_filtered_data/mimic-iii-demo/PRESCRIPTIONS.csv,../basic_filtered_data/mimic-iv-demo/2.2/hosp/prescriptions.csv.gz
12,PRESCRIPTIONS,prescriptions.csv,gsn,gsn,100,int,../basic_filtered_data/mimic-iii-demo/PRESCRIPTIONS.csv,../basic_filtered_data/mimic-iv-demo/2.2/hosp/prescriptions.csv.gz
13,PRESCRIPTIONS,prescriptions.csv,ndc,ndc,100,int,../basic_filtered_data/mimic-iii-demo/PRESCRIPTIONS.csv,../basic_filtered_data/mimic-iv-demo/2.2/hosp/prescriptions.csv.gz
14,PRESCRIPTIONS,prescriptions.csv,prod_strength,prod_strength,100,string,../basic_filtered_data/mimic-iii-demo/PRESCRIPTIONS.csv,../basic_filtered_data/mimic-iv-demo/2.2/hosp/prescriptions.csv.gz
15,PRESCRIPTIONS,prescriptions.csv,dose_val_rx,dose_val_rx,100,string,../basic_filtered_data/mimic-iii-demo/PRESCRIPTIONS.csv,../basic_filtered_data/mimic-iv-demo/2.2/hosp/prescriptions.csv.gz
16,PRESCRIPTIONS,prescriptions.csv,dose_unit_rx,dose_unit_rx,100,string,../basic_filtered_data/mimic-iii-demo/PRESCRIPTIONS.csv,../basic_filtered_data/mimic-iv-demo/2.2/hosp/prescriptions.csv.gz
17,PRESCRIPTIONS,prescriptions.csv,form_val_disp,form_val_disp,100,string,../basic_filtered_data/mimic-iii-demo/PRESCRIPTIONS.csv,../basic_filtered_data/mimic-iv-demo/2.2/hosp/prescriptions.csv.gz
18,PRESCRIPTIONS,prescriptions.csv,form_unit_disp,form_unit_disp,100,string,../basic_filtered_data/mimic-iii-demo/PRESCRIPTIONS.csv,../basic_filtered_data/mimic-iv-demo/2.2/hosp/prescriptions.csv.gz
19,PRESCRIPTIONS,prescriptions.csv,route,route,100,string,../basic_filtered_data/mimic-iii-demo/PRESCRIPTIONS.csv,../basic_filtered_data/mimic-iv-demo/2.2/hosp/prescriptions.csv.gz
20,PRESCRIPTIONS,prescriptions.csv,filepath,filepath,100,../basic_filtered_data/mimic-iii-demo/PRESCRIPTIONS.csv,../basic_filtered_data/mimic-iii-demo/PRESCRIPTIONS.csv,../basic_filtered_data/mimic-iv-demo/2.2/hosp/prescriptions.csv.gz
0,PROCEDURES_ICD,procedures_icd.csv,Unnamed: 0,unnamed: 0,100,int,../basic_filtered_data/mimic-iii-demo/PROCEDURES_ICD.csv,../basic_filtered_data/mimic-iv-demo/2.2/hosp/procedures_icd.csv.gz
1,PROCEDURES_ICD,procedures_icd.csv,row_id,hadm_id,46,int,../basic_filtered_data/mimic-iii-demo/PROCEDURES_ICD.csv,../basic_filtered_data/mimic-iv-demo/2.2/hosp/procedures_icd.csv.gz
2,PROCEDURES_ICD,procedures_icd.csv,subject_id,subject_id,100,int,../basic_filtered_data/mimic-iii-demo/PROCEDURES_ICD.csv,../basic_filtered_data/mimic-iv-demo/2.2/hosp/procedures_icd.csv.gz
3,PROCEDURES_ICD,procedures_icd.csv,hadm_id,hadm_id,100,int,../basic_filtered_data/mimic-iii-demo/PROCEDURES_ICD.csv,../basic_filtered_data/mimic-iv-demo/2.2/hosp/procedures_icd.csv.gz
4,PROCEDURES_ICD,procedures_icd.csv,seq_num,seq_num,100,int,../basic_filtered_data/mimic-iii-demo/PROCEDURES_ICD.csv,../basic_filtered_data/mimic-iv-demo/2.2/hosp/procedures_icd.csv.gz
5,PROCEDURES_ICD,procedures_icd.csv,icd9_code,icd_code,94,int,../basic_filtered_data/mimic-iii-demo/PROCEDURES_ICD.csv,../basic_filtered_data/mimic-iv-demo/2.2/hosp/procedures_icd.csv.gz
6,PROCEDURES_ICD,procedures_icd.csv,filepath,filepath,100,../basic_filtered_data/mimic-iii-demo/PROCEDURES_ICD.csv,../basic_filtered_data/mimic-iii-demo/PROCEDURES_ICD.csv,../basic_filtered_data/mimic-iv-demo/2.2/hosp/procedures_icd.csv.gz
0,CHARTEVENTS,chartevents.csv,Unnamed: 0,unnamed: 0,100,int,../basic_filtered_data/mimic-iii-demo/CHARTEVENTS.csv,../basic_filtered_data/mimic-iv-demo/2.2/icu/chartevents.csv.gz
1,CHARTEVENTS,chartevents.csv,row_id,caregiver_id,60,int,../basic_filtered_data/mimic-iii-demo/CHARTEVENTS.csv,../basic_filtered_data/mimic-iv-demo/2.2/icu/chartevents.csv.gz
2,CHARTEVENTS,chartevents.csv,subject_id,subject_id,100,int,../basic_filtered_data/mimic-iii-demo/CHARTEVENTS.csv,../basic_filtered_data/mimic-iv-demo/2.2/icu/chartevents.csv.gz
3,CHARTEVENTS,chartevents.csv,hadm_id,hadm_id,100,int,../basic_filtered_data/mimic-iii-demo/CHARTEVENTS.csv,../basic_filtered_data/mimic-iv-demo/2.2/icu/chartevents.csv.gz
4,CHARTEVENTS,chartevents.csv,icustay_id,stay_id,82,int,../basic_filtered_data/mimic-iii-demo/CHARTEVENTS.csv,../basic_filtered_data/mimic-iv-demo/2.2/icu/chartevents.csv.gz
5,CHARTEVENTS,chartevents.csv,itemid,itemid,100,int,../basic_filtered_data/mimic-iii-demo/CHARTEVENTS.csv,../basic_filtered_data/mimic-iv-demo/2.2/icu/chartevents.csv.gz
6,CHARTEVENTS,chartevents.csv,charttime,charttime,100,datetime,../basic_filtered_data/mimic-iii-demo/CHARTEVENTS.csv,../basic_filtered_data/mimic-iv-demo/2.2/icu/chartevents.csv.gz
7,CHARTEVENTS,chartevents.csv,storetime,storetime,100,datetime,../basic_filtered_data/mimic-iii-demo/CHARTEVENTS.csv,../basic_filtered_data/mimic-iv-demo/2.2/icu/chartevents.csv.gz
8,CHARTEVENTS,chartevents.csv,cgid,caregiver_id,50,int,../basic_filtered_data/mimic-iii-demo/CHARTEVENTS.csv,../basic_filtered_data/mimic-iv-demo/2.2/icu/chartevents.csv.gz
9,CHARTEVENTS,chartevents.csv,value,value,100,string,../basic_filtered_data/mimic-iii-demo/CHARTEVENTS.csv,../basic_filtered_data/mimic-iv-demo/2.2/icu/chartevents.csv.gz
10,CHARTEVENTS,chartevents.csv,valuenum,valuenum,100,float,../basic_filtered_data/mimic-iii-demo/CHARTEVENTS.csv,../basic_filtered_data/mimic-iv-demo/2.2/icu/chartevents.csv.gz
11,CHARTEVENTS,chartevents.csv,valueuom,valueuom,100,string,../basic_filtered_data/mimic-iii-demo/CHARTEVENTS.csv,../basic_filtered_data/mimic-iv-demo/2.2/icu/chartevents.csv.gz
12,CHARTEVENTS,chartevents.csv,warning,warning,100,int,../basic_filtered_data/mimic-iii-demo/CHARTEVENTS.csv,../basic_filtered_data/mimic-iv-demo/2.2/icu/chartevents.csv.gz
13,CHARTEVENTS,chartevents.csv,error,valueuom,40,int,../basic_filtered_data/mimic-iii-demo/CHARTEVENTS.csv,../basic_filtered_data/mimic-iv-demo/2.2/icu/chartevents.csv.gz
14,CHARTEVENTS,chartevents.csv,resultstatus,stay_id,41,string,../basic_filtered_data/mimic-iii-demo/CHARTEVENTS.csv,../basic_filtered_data/mimic-iv-demo/2.2/icu/chartevents.csv.gz
15,CHARTEVENTS,chartevents.csv,stopped,storetime,50,string,../basic_filtered_data/mimic-iii-demo/CHARTEVENTS.csv,../basic_filtered_data/mimic-iv-demo/2.2/icu/chartevents.csv.gz
16,CHARTEVENTS,chartevents.csv,filepath,filepath,100,../basic_filtered_data/mimic-iii-demo/CHARTEVENTS.csv,../basic_filtered_data/mimic-iii-demo/CHARTEVENTS.csv,../basic_filtered_data/mimic-iv-demo/2.2/icu/chartevents.csv.gz
0,TRANSFERS,transfers.csv,Unnamed: 0,unnamed: 0,100,int,../basic_filtered_data/mimic-iii-demo/TRANSFERS.csv,../basic_filtered_data/mimic-iv-demo/2.2/hosp/transfers.csv.gz
1,TRANSFERS,transfers.csv,row_id,transfer_id,60,int,../basic_filtered_data/mimic-iii-demo/TRANSFERS.csv,../basic_filtered_data/mimic-iv-demo/2.2/hosp/transfers.csv.gz
2,TRANSFERS,transfers.csv,subject_id,subject_id,100,int,../basic_filtered_data/mimic-iii-demo/TRANSFERS.csv,../basic_filtered_data/mimic-iv-demo/2.2/hosp/transfers.csv.gz
3,TRANSFERS,transfers.csv,hadm_id,hadm_id,100,int,../basic_filtered_data/mimic-iii-demo/TRANSFERS.csv,../basic_filtered_data/mimic-iv-demo/2.2/hosp/transfers.csv.gz
4,TRANSFERS,transfers.csv,icustay_id,subject_id,50,int,../basic_filtered_data/mimic-iii-demo/TRANSFERS.csv,../basic_filtered_data/mimic-iv-demo/2.2/hosp/transfers.csv.gz
5,TRANSFERS,transfers.csv,dbsource,outtime,40,string,../basic_filtered_data/mimic-iii-demo/TRANSFERS.csv,../basic_filtered_data/mimic-iv-demo/2.2/hosp/transfers.csv.gz
6,TRANSFERS,transfers.csv,eventtype,eventtype,100,string,../basic_filtered_data/mimic-iii-demo/TRANSFERS.csv,../basic_filtered_data/mimic-iv-demo/2.2/hosp/transfers.csv.gz
7,TRANSFERS,transfers.csv,prev_careunit,careunit,90,string,../basic_filtered_data/mimic-iii-demo/TRANSFERS.csv,../basic_filtered_data/mimic-iv-demo/2.2/hosp/transfers.csv.gz
8,TRANSFERS,transfers.csv,curr_careunit,careunit,90,string,../basic_filtered_data/mimic-iii-demo/TRANSFERS.csv,../basic_filtered_data/mimic-iv-demo/2.2/hosp/transfers.csv.gz
9,TRANSFERS,transfers.csv,prev_wardid,hadm_id,60,int,../basic_filtered_data/mimic-iii-demo/TRANSFERS.csv,../basic_filtered_data/mimic-iv-demo/2.2/hosp/transfers.csv.gz
10,TRANSFERS,transfers.csv,curr_wardid,hadm_id,60,int,../basic_filtered_data/mimic-iii-demo/TRANSFERS.csv,../basic_filtered_data/mimic-iv-demo/2.2/hosp/transfers.csv.gz
11,TRANSFERS,transfers.csv,intime,intime,100,datetime,../basic_filtered_data/mimic-iii-demo/TRANSFERS.csv,../basic_filtered_data/mimic-iv-demo/2.2/hosp/transfers.csv.gz
12,TRANSFERS,transfers.csv,outtime,outtime,100,datetime,../basic_filtered_data/mimic-iii-demo/TRANSFERS.csv,../basic_filtered_data/mimic-iv-demo/2.2/hosp/transfers.csv.gz
13,TRANSFERS,transfers.csv,los,subject_id,30,float,../basic_filtered_data/mimic-iii-demo/TRANSFERS.csv,../basic_filtered_data/mimic-iv-demo/2.2/hosp/transfers.csv.gz
14,TRANSFERS,transfers.csv,filepath,filepath,100,../basic_filtered_data/mimic-iii-demo/TRANSFERS.csv,../basic_filtered_data/mimic-iii-demo/TRANSFERS.csv,../basic_filtered_data/mimic-iv-demo/2.2/hosp/transfers.csv.gz
0,DIAGNOSES_ICD,diagnoses_icd.csv,Unnamed: 0,unnamed: 0,100,int,../basic_filtered_data/mimic-iii-demo/DIAGNOSES_ICD.csv,../basic_filtered_data/mimic-iv-demo/2.2/hosp/diagnoses_icd.csv.gz
1,DIAGNOSES_ICD,diagnoses_icd.csv,row_id,hadm_id,46,int,../basic_filtered_data/mimic-iii-demo/DIAGNOSES_ICD.csv,../basic_filtered_data/mimic-iv-demo/2.2/hosp/diagnoses_icd.csv.gz
2,DIAGNOSES_ICD,diagnoses_icd.csv,subject_id,subject_id,100,int,../basic_filtered_data/mimic-iii-demo/DIAGNOSES_ICD.csv,../basic_filtered_data/mimic-iv-demo/2.2/hosp/diagnoses_icd.csv.gz
3,DIAGNOSES_ICD,diagnoses_icd.csv,hadm_id,hadm_id,100,int,../basic_filtered_data/mimic-iii-demo/DIAGNOSES_ICD.csv,../basic_filtered_data/mimic-iv-demo/2.2/hosp/diagnoses_icd.csv.gz
4,DIAGNOSES_ICD,diagnoses_icd.csv,seq_num,seq_num,100,int,../basic_filtered_data/mimic-iii-demo/DIAGNOSES_ICD.csv,../basic_filtered_data/mimic-iv-demo/2.2/hosp/diagnoses_icd.csv.gz
5,DIAGNOSES_ICD,diagnoses_icd.csv,icd9_code,icd_code,94,string,../basic_filtered_data/mimic-iii-demo/DIAGNOSES_ICD.csv,../basic_filtered_data/mimic-iv-demo/2.2/hosp/diagnoses_icd.csv.gz
6,DIAGNOSES_ICD,diagnoses_icd.csv,filepath,filepath,100,../basic_filtered_data/mimic-iii-demo/DIAGNOSES_ICD.csv,../basic_filtered_data/mimic-iii-demo/DIAGNOSES_ICD.csv,../basic_filtered_data/mimic-iv-demo/2.2/hosp/diagnoses_icd.csv.gz
0,SERVICES,services.csv,Unnamed: 0,unnamed: 0,100,int,../basic_filtered_data/mimic-iii-demo/SERVICES.csv,../basic_filtered_data/mimic-iv-demo/2.2/hosp/services.csv.gz
1,SERVICES,services.csv,row_id,hadm_id,46,int,../basic_filtered_data/mimic-iii-demo/SERVICES.csv,../basic_filtered_data/mimic-iv-demo/2.2/hosp/services.csv.gz
2,SERVICES,services.csv,subject_id,subject_id,100,int,../basic_filtered_data/mimic-iii-demo/SERVICES.csv,../basic_filtered_data/mimic-iv-demo/2.2/hosp/services.csv.gz
3,SERVICES,services.csv,hadm_id,hadm_id,100,int,../basic_filtered_data/mimic-iii-demo/SERVICES.csv,../basic_filtered_data/mimic-iv-demo/2.2/hosp/services.csv.gz
4,SERVICES,services.csv,transfertime,transfertime,100,datetime,../basic_filtered_data/mimic-iii-demo/SERVICES.csv,../basic_filtered_data/mimic-iv-demo/2.2/hosp/services.csv.gz
5,SERVICES,services.csv,prev_service,prev_service,100,string,../basic_filtered_data/mimic-iii-demo/SERVICES.csv,../basic_filtered_data/mimic-iv-demo/2.2/hosp/services.csv.gz
6,SERVICES,services.csv,curr_service,curr_service,100,string,../basic_filtered_data/mimic-iii-demo/SERVICES.csv,../basic_filtered_data/mimic-iv-demo/2.2/hosp/services.csv.gz
7,SERVICES,services.csv,filepath,filepath,100,../basic_filtered_data/mimic-iii-demo/SERVICES.csv,../basic_filtered_data/mimic-iii-demo/SERVICES.csv,../basic_filtered_data/mimic-iv-demo/2.2/hosp/services.csv.gz
0,DRGCODES,drgcodes.csv,Unnamed: 0,unnamed: 0,100,int,../basic_filtered_data/mimic-iii-demo/DRGCODES.csv,../basic_filtered_data/mimic-iv-demo/2.2/hosp/drgcodes.csv.gz
1,DRGCODES,drgcodes.csv,row_id,hadm_id,46,int,../basic_filtered_data/mimic-iii-demo/DRGCODES.csv,../basic_filtered_data/mimic-iv-demo/2.2/hosp/drgcodes.csv.gz
2,DRGCODES,drgcodes.csv,subject_id,subject_id,100,int,../basic_filtered_data/mimic-iii-demo/DRGCODES.csv,../basic_filtered_data/mimic-iv-demo/2.2/hosp/drgcodes.csv.gz
3,DRGCODES,drgcodes.csv,hadm_id,hadm_id,100,int,../basic_filtered_data/mimic-iii-demo/DRGCODES.csv,../basic_filtered_data/mimic-iv-demo/2.2/hosp/drgcodes.csv.gz
4,DRGCODES,drgcodes.csv,drg_type,drg_type,100,string,../basic_filtered_data/mimic-iii-demo/DRGCODES.csv,../basic_filtered_data/mimic-iv-demo/2.2/hosp/drgcodes.csv.gz
5,DRGCODES,drgcodes.csv,drg_code,drg_code,100,int,../basic_filtered_data/mimic-iii-demo/DRGCODES.csv,../basic_filtered_data/mimic-iv-demo/2.2/hosp/drgcodes.csv.gz
6,DRGCODES,drgcodes.csv,description,description,100,string,../basic_filtered_data/mimic-iii-demo/DRGCODES.csv,../basic_filtered_data/mimic-iv-demo/2.2/hosp/drgcodes.csv.gz
7,DRGCODES,drgcodes.csv,drg_severity,drg_severity,100,int,../basic_filtered_data/mimic-iii-demo/DRGCODES.csv,../basic_filtered_data/mimic-iv-demo/2.2/hosp/drgcodes.csv.gz
8,DRGCODES,drgcodes.csv,drg_mortality,drg_mortality,100,int,../basic_filtered_data/mimic-iii-demo/DRGCODES.csv,../basic_filtered_data/mimic-iv-demo/2.2/hosp/drgcodes.csv.gz
9,DRGCODES,drgcodes.csv,filepath,filepath,100,../basic_filtered_data/mimic-iii-demo/DRGCODES.csv,../basic_filtered_data/mimic-iii-demo/DRGCODES.csv,../basic_filtered_data/mimic-iv-demo/2.2/hosp/drgcodes.csv.gz
0,OUTPUTEVENTS,outputevents.csv,Unnamed: 0,unnamed: 0,100,int,../basic_filtered_data/mimic-iii-demo/OUTPUTEVENTS.csv,../basic_filtered_data/mimic-iv-demo/2.2/icu/outputevents.csv.gz
1,OUTPUTEVENTS,outputevents.csv,row_id,caregiver_id,60,int,../basic_filtered_data/mimic-iii-demo/OUTPUTEVENTS.csv,../basic_filtered_data/mimic-iv-demo/2.2/icu/outputevents.csv.gz
2,OUTPUTEVENTS,outputevents.csv,subject_id,subject_id,100,int,../basic_filtered_data/mimic-iii-demo/OUTPUTEVENTS.csv,../basic_filtered_data/mimic-iv-demo/2.2/icu/outputevents.csv.gz
3,OUTPUTEVENTS,outputevents.csv,hadm_id,hadm_id,100,int,../basic_filtered_data/mimic-iii-demo/OUTPUTEVENTS.csv,../basic_filtered_data/mimic-iv-demo/2.2/icu/outputevents.csv.gz
4,OUTPUTEVENTS,outputevents.csv,icustay_id,stay_id,82,int,../basic_filtered_data/mimic-iii-demo/OUTPUTEVENTS.csv,../basic_filtered_data/mimic-iv-demo/2.2/icu/outputevents.csv.gz
5,OUTPUTEVENTS,outputevents.csv,charttime,charttime,100,datetime,../basic_filtered_data/mimic-iii-demo/OUTPUTEVENTS.csv,../basic_filtered_data/mimic-iv-demo/2.2/icu/outputevents.csv.gz
6,OUTPUTEVENTS,outputevents.csv,itemid,itemid,100,int,../basic_filtered_data/mimic-iii-demo/OUTPUTEVENTS.csv,../basic_filtered_data/mimic-iv-demo/2.2/icu/outputevents.csv.gz
7,OUTPUTEVENTS,outputevents.csv,value,value,100,int,../basic_filtered_data/mimic-iii-demo/OUTPUTEVENTS.csv,../basic_filtered_data/mimic-iv-demo/2.2/icu/outputevents.csv.gz
8,OUTPUTEVENTS,outputevents.csv,valueuom,valueuom,100,string,../basic_filtered_data/mimic-iii-demo/OUTPUTEVENTS.csv,../basic_filtered_data/mimic-iv-demo/2.2/icu/outputevents.csv.gz
9,OUTPUTEVENTS,outputevents.csv,storetime,storetime,100,datetime,../basic_filtered_data/mimic-iii-demo/OUTPUTEVENTS.csv,../basic_filtered_data/mimic-iv-demo/2.2/icu/outputevents.csv.gz
10,OUTPUTEVENTS,outputevents.csv,cgid,caregiver_id,50,int,../basic_filtered_data/mimic-iii-demo/OUTPUTEVENTS.csv,../basic_filtered_data/mimic-iv-demo/2.2/icu/outputevents.csv.gz
11,OUTPUTEVENTS,outputevents.csv,stopped,storetime,50,,../basic_filtered_data/mimic-iii-demo/OUTPUTEVENTS.csv,../basic_filtered_data/mimic-iv-demo/2.2/icu/outputevents.csv.gz
12,OUTPUTEVENTS,outputevents.csv,newbottle,itemid,40,,../basic_filtered_data/mimic-iii-demo/OUTPUTEVENTS.csv,../basic_filtered_data/mimic-iv-demo/2.2/icu/outputevents.csv.gz
13,OUTPUTEVENTS,outputevents.csv,iserror,caregiver_id,39,,../basic_filtered_data/mimic-iii-demo/OUTPUTEVENTS.csv,../basic_filtered_data/mimic-iv-demo/2.2/icu/outputevents.csv.gz
14,OUTPUTEVENTS,outputevents.csv,filepath,filepath,100,../basic_filtered_data/mimic-iii-demo/OUTPUTEVENTS.csv,../basic_filtered_data/mimic-iii-demo/OUTPUTEVENTS.csv,../basic_filtered_data/mimic-iv-demo/2.2/icu/outputevents.csv.gz
0,PATIENTS,patients.csv,Unnamed: 0,unnamed: 0,100,int,../basic_filtered_data/mimic-iii-demo/PATIENTS.csv,../basic_filtered_data/mimic-iv-demo/2.2/hosp/patients.csv.gz
1,PATIENTS,patients.csv,row_id,subject_id,45,int,../basic_filtered_data/mimic-iii-demo/PATIENTS.csv,../basic_filtered_data/mimic-iv-demo/2.2/hosp/patients.csv.gz
2,PATIENTS,patients.csv,subject_id,subject_id,100,int,../basic_filtered_data/mimic-iii-demo/PATIENTS.csv,../basic_filtered_data/mimic-iv-demo/2.2/hosp/patients.csv.gz
3,PATIENTS,patients.csv,gender,gender,100,string,../basic_filtered_data/mimic-iii-demo/PATIENTS.csv,../basic_filtered_data/mimic-iv-demo/2.2/hosp/patients.csv.gz
4,PATIENTS,patients.csv,dob,dod,67,datetime,../basic_filtered_data/mimic-iii-demo/PATIENTS.csv,../basic_filtered_data/mimic-iv-demo/2.2/hosp/patients.csv.gz
5,PATIENTS,patients.csv,dod,dod,100,datetime,../basic_filtered_data/mimic-iii-demo/PATIENTS.csv,../basic_filtered_data/mimic-iv-demo/2.2/hosp/patients.csv.gz
6,PATIENTS,patients.csv,dod_hosp,dod,90,datetime,../basic_filtered_data/mimic-iii-demo/PATIENTS.csv,../basic_filtered_data/mimic-iv-demo/2.2/hosp/patients.csv.gz
7,PATIENTS,patients.csv,dod_ssn,dod,90,datetime,../basic_filtered_data/mimic-iii-demo/PATIENTS.csv,../basic_filtered_data/mimic-iv-demo/2.2/hosp/patients.csv.gz
8,PATIENTS,patients.csv,expire_flag,anchor_age,38,int,../basic_filtered_data/mimic-iii-demo/PATIENTS.csv,../basic_filtered_data/mimic-iv-demo/2.2/hosp/patients.csv.gz
9,PATIENTS,patients.csv,filepath,filepath,100,../basic_filtered_data/mimic-iii-demo/PATIENTS.csv,../basic_filtered_data/mimic-iii-demo/PATIENTS.csv,../basic_filtered_data/mimic-iv-demo/2.2/hosp/patients.csv.gz
0,D_ICD_DIAGNOSES,d_icd_diagnoses.csv,Unnamed: 0,unnamed: 0,100,int,../basic_filtered_data/mimic-iii-demo/D_ICD_DIAGNOSES.csv,../basic_filtered_data/mimic-iv-demo/2.2/hosp/d_icd_diagnoses.csv.gz
1,D_ICD_DIAGNOSES,d_icd_diagnoses.csv,row_id,long_title,45,int,../basic_filtered_data/mimic-iii-demo/D_ICD_DIAGNOSES.csv,../basic_filtered_data/mimic-iv-demo/2.2/hosp/d_icd_diagnoses.csv.gz
2,D_ICD_DIAGNOSES,d_icd_diagnoses.csv,icd9_code,icd_code,94,string,../basic_filtered_data/mimic-iii-demo/D_ICD_DIAGNOSES.csv,../basic_filtered_data/mimic-iv-demo/2.2/hosp/d_icd_diagnoses.csv.gz
3,D_ICD_DIAGNOSES,d_icd_diagnoses.csv,short_title,long_title,67,string,../basic_filtered_data/mimic-iii-demo/D_ICD_DIAGNOSES.csv,../basic_filtered_data/mimic-iv-demo/2.2/hosp/d_icd_diagnoses.csv.gz
4,D_ICD_DIAGNOSES,d_icd_diagnoses.csv,long_title,long_title,100,string,../basic_filtered_data/mimic-iii-demo/D_ICD_DIAGNOSES.csv,../basic_filtered_data/mimic-iv-demo/2.2/hosp/d_icd_diagnoses.csv.gz
5,D_ICD_DIAGNOSES,d_icd_diagnoses.csv,filepath,filepath,100,../basic_filtered_data/mimic-iii-demo/D_ICD_DIAGNOSES.csv,../basic_filtered_data/mimic-iii-demo/D_ICD_DIAGNOSES.csv,../basic_filtered_data/mimic-iv-demo/2.2/hosp/d_icd_diagnoses.csv.gz
0,ICUSTAYS,icustays.csv,Unnamed: 0,unnamed: 0,100,int,../basic_filtered_data/mimic-iii-demo/ICUSTAYS.csv,../basic_filtered_data/mimic-iv-demo/2.2/icu/icustays.csv.gz
1,ICUSTAYS,icustays.csv,row_id,hadm_id,46,int,../basic_filtered_data/mimic-iii-demo/ICUSTAYS.csv,../basic_filtered_data/mimic-iv-demo/2.2/icu/icustays.csv.gz
2,ICUSTAYS,icustays.csv,subject_id,subject_id,100,int,../basic_filtered_data/mimic-iii-demo/ICUSTAYS.csv,../basic_filtered_data/mimic-iv-demo/2.2/icu/icustays.csv.gz
3,ICUSTAYS,icustays.csv,hadm_id,hadm_id,100,int,../basic_filtered_data/mimic-iii-demo/ICUSTAYS.csv,../basic_filtered_data/mimic-iv-demo/2.2/icu/icustays.csv.gz
4,ICUSTAYS,icustays.csv,icustay_id,stay_id,82,int,../basic_filtered_data/mimic-iii-demo/ICUSTAYS.csv,../basic_filtered_data/mimic-iv-demo/2.2/icu/icustays.csv.gz
5,ICUSTAYS,icustays.csv,dbsource,outtime,40,string,../basic_filtered_data/mimic-iii-demo/ICUSTAYS.csv,../basic_filtered_data/mimic-iv-demo/2.2/icu/icustays.csv.gz
6,ICUSTAYS,icustays.csv,first_careunit,first_careunit,100,string,../basic_filtered_data/mimic-iii-demo/ICUSTAYS.csv,../basic_filtered_data/mimic-iv-demo/2.2/icu/icustays.csv.gz
7,ICUSTAYS,icustays.csv,last_careunit,last_careunit,100,string,../basic_filtered_data/mimic-iii-demo/ICUSTAYS.csv,../basic_filtered_data/mimic-iv-demo/2.2/icu/icustays.csv.gz
8,ICUSTAYS,icustays.csv,first_wardid,first_careunit,69,int,../basic_filtered_data/mimic-iii-demo/ICUSTAYS.csv,../basic_filtered_data/mimic-iv-demo/2.2/icu/icustays.csv.gz
9,ICUSTAYS,icustays.csv,last_wardid,last_careunit,67,int,../basic_filtered_data/mimic-iii-demo/ICUSTAYS.csv,../basic_filtered_data/mimic-iv-demo/2.2/icu/icustays.csv.gz
10,ICUSTAYS,icustays.csv,intime,intime,100,datetime,../basic_filtered_data/mimic-iii-demo/ICUSTAYS.csv,../basic_filtered_data/mimic-iv-demo/2.2/icu/icustays.csv.gz
11,ICUSTAYS,icustays.csv,outtime,outtime,100,datetime,../basic_filtered_data/mimic-iii-demo/ICUSTAYS.csv,../basic_filtered_data/mimic-iv-demo/2.2/icu/icustays.csv.gz
12,ICUSTAYS,icustays.csv,los,los,100,float,../basic_filtered_data/mimic-iii-demo/ICUSTAYS.csv,../basic_filtered_data/mimic-iv-demo/2.2/icu/icustays.csv.gz
13,ICUSTAYS,icustays.csv,filepath,filepath,100,../basic_filtered_data/mimic-iii-demo/ICUSTAYS.csv,../basic_filtered_data/mimic-iii-demo/ICUSTAYS.csv,../basic_filtered_data/mimic-iv-demo/2.2/icu/icustays.csv.gz
0,INPUTEVENTS_MV,inputevents.csv,Unnamed: 0,unnamed: 0,100,int,../basic_filtered_data/mimic-iii-demo/INPUTEVENTS_MV.csv,../basic_filtered_data/mimic-iv-demo/2.2/icu/inputevents.csv.gz
1,INPUTEVENTS_MV,inputevents.csv,row_id,caregiver_id,60,int,../basic_filtered_data/mimic-iii-demo/INPUTEVENTS_MV.csv,../basic_filtered_data/mimic-iv-demo/2.2/icu/inputevents.csv.gz
2,INPUTEVENTS_MV,inputevents.csv,subject_id,subject_id,100,int,../basic_filtered_data/mimic-iii-demo/INPUTEVENTS_MV.csv,../basic_filtered_data/mimic-iv-demo/2.2/icu/inputevents.csv.gz
3,INPUTEVENTS_MV,inputevents.csv,hadm_id,hadm_id,100,int,../basic_filtered_data/mimic-iii-demo/INPUTEVENTS_MV.csv,../basic_filtered_data/mimic-iv-demo/2.2/icu/inputevents.csv.gz
4,INPUTEVENTS_MV,inputevents.csv,icustay_id,stay_id,82,int,../basic_filtered_data/mimic-iii-demo/INPUTEVENTS_MV.csv,../basic_filtered_data/mimic-iv-demo/2.2/icu/inputevents.csv.gz
5,INPUTEVENTS_MV,inputevents.csv,starttime,starttime,100,datetime,../basic_filtered_data/mimic-iii-demo/INPUTEVENTS_MV.csv,../basic_filtered_data/mimic-iv-demo/2.2/icu/inputevents.csv.gz
6,INPUTEVENTS_MV,inputevents.csv,endtime,endtime,100,datetime,../basic_filtered_data/mimic-iii-demo/INPUTEVENTS_MV.csv,../basic_filtered_data/mimic-iv-demo/2.2/icu/inputevents.csv.gz
7,INPUTEVENTS_MV,inputevents.csv,itemid,itemid,100,datetime,../basic_filtered_data/mimic-iii-demo/INPUTEVENTS_MV.csv,../basic_filtered_data/mimic-iv-demo/2.2/icu/inputevents.csv.gz
8,INPUTEVENTS_MV,inputevents.csv,amount,amount,100,float,../basic_filtered_data/mimic-iii-demo/INPUTEVENTS_MV.csv,../basic_filtered_data/mimic-iv-demo/2.2/icu/inputevents.csv.gz
9,INPUTEVENTS_MV,inputevents.csv,amountuom,amountuom,100,string,../basic_filtered_data/mimic-iii-demo/INPUTEVENTS_MV.csv,../basic_filtered_data/mimic-iv-demo/2.2/icu/inputevents.csv.gz
10,INPUTEVENTS_MV,inputevents.csv,rate,rate,100,float,../basic_filtered_data/mimic-iii-demo/INPUTEVENTS_MV.csv,../basic_filtered_data/mimic-iv-demo/2.2/icu/inputevents.csv.gz
11,INPUTEVENTS_MV,inputevents.csv,rateuom,rateuom,100,string,../basic_filtered_data/mimic-iii-demo/INPUTEVENTS_MV.csv,../basic_filtered_data/mimic-iv-demo/2.2/icu/inputevents.csv.gz
12,INPUTEVENTS_MV,inputevents.csv,storetime,storetime,100,datetime,../basic_filtered_data/mimic-iii-demo/INPUTEVENTS_MV.csv,../basic_filtered_data/mimic-iv-demo/2.2/icu/inputevents.csv.gz
13,INPUTEVENTS_MV,inputevents.csv,cgid,caregiver_id,50,int,../basic_filtered_data/mimic-iii-demo/INPUTEVENTS_MV.csv,../basic_filtered_data/mimic-iv-demo/2.2/icu/inputevents.csv.gz
14,INPUTEVENTS_MV,inputevents.csv,orderid,orderid,100,int,../basic_filtered_data/mimic-iii-demo/INPUTEVENTS_MV.csv,../basic_filtered_data/mimic-iv-demo/2.2/icu/inputevents.csv.gz
15,INPUTEVENTS_MV,inputevents.csv,linkorderid,linkorderid,100,int,../basic_filtered_data/mimic-iii-demo/INPUTEVENTS_MV.csv,../basic_filtered_data/mimic-iv-demo/2.2/icu/inputevents.csv.gz
16,INPUTEVENTS_MV,inputevents.csv,ordercategoryname,ordercategoryname,100,string,../basic_filtered_data/mimic-iii-demo/INPUTEVENTS_MV.csv,../basic_filtered_data/mimic-iv-demo/2.2/icu/inputevents.csv.gz
17,INPUTEVENTS_MV,inputevents.csv,secondaryordercategoryname,secondaryordercategoryname,100,string,../basic_filtered_data/mimic-iii-demo/INPUTEVENTS_MV.csv,../basic_filtered_data/mimic-iv-demo/2.2/icu/inputevents.csv.gz
18,INPUTEVENTS_MV,inputevents.csv,ordercomponenttypedescription,ordercomponenttypedescription,100,string,../basic_filtered_data/mimic-iii-demo/INPUTEVENTS_MV.csv,../basic_filtered_data/mimic-iv-demo/2.2/icu/inputevents.csv.gz
19,INPUTEVENTS_MV,inputevents.csv,ordercategorydescription,ordercategorydescription,100,string,../basic_filtered_data/mimic-iii-demo/INPUTEVENTS_MV.csv,../basic_filtered_data/mimic-iv-demo/2.2/icu/inputevents.csv.gz
20,INPUTEVENTS_MV,inputevents.csv,patientweight,patientweight,100,float,../basic_filtered_data/mimic-iii-demo/INPUTEVENTS_MV.csv,../basic_filtered_data/mimic-iv-demo/2.2/icu/inputevents.csv.gz
21,INPUTEVENTS_MV,inputevents.csv,totalamount,totalamount,100,float,../basic_filtered_data/mimic-iii-demo/INPUTEVENTS_MV.csv,../basic_filtered_data/mimic-iv-demo/2.2/icu/inputevents.csv.gz
22,INPUTEVENTS_MV,inputevents.csv,totalamountuom,totalamountuom,100,string,../basic_filtered_data/mimic-iii-demo/INPUTEVENTS_MV.csv,../basic_filtered_data/mimic-iv-demo/2.2/icu/inputevents.csv.gz
23,INPUTEVENTS_MV,inputevents.csv,isopenbag,isopenbag,100,int,../basic_filtered_data/mimic-iii-demo/INPUTEVENTS_MV.csv,../basic_filtered_data/mimic-iv-demo/2.2/icu/inputevents.csv.gz
24,INPUTEVENTS_MV,inputevents.csv,continueinnextdept,continueinnextdept,100,int,../basic_filtered_data/mimic-iii-demo/INPUTEVENTS_MV.csv,../basic_filtered_data/mimic-iv-demo/2.2/icu/inputevents.csv.gz
25,INPUTEVENTS_MV,inputevents.csv,cancelreason,amount,54,int,../basic_filtered_data/mimic-iii-demo/INPUTEVENTS_MV.csv,../basic_filtered_data/mimic-iv-demo/2.2/icu/inputevents.csv.gz
26,INPUTEVENTS_MV,inputevents.csv,statusdescription,statusdescription,100,string,../basic_filtered_data/mimic-iii-demo/INPUTEVENTS_MV.csv,../basic_filtered_data/mimic-iv-demo/2.2/icu/inputevents.csv.gz
27,INPUTEVENTS_MV,inputevents.csv,comments_editedby,itemid,60,string,../basic_filtered_data/mimic-iii-demo/INPUTEVENTS_MV.csv,../basic_filtered_data/mimic-iv-demo/2.2/icu/inputevents.csv.gz
28,INPUTEVENTS_MV,inputevents.csv,comments_canceledby,amount,45,string,../basic_filtered_data/mimic-iii-demo/INPUTEVENTS_MV.csv,../basic_filtered_data/mimic-iv-demo/2.2/icu/inputevents.csv.gz
29,INPUTEVENTS_MV,inputevents.csv,comments_date,rate,68,datetime,../basic_filtered_data/mimic-iii-demo/INPUTEVENTS_MV.csv,../basic_filtered_data/mimic-iv-demo/2.2/icu/inputevents.csv.gz
30,INPUTEVENTS_MV,inputevents.csv,originalamount,originalamount,100,float,../basic_filtered_data/mimic-iii-demo/INPUTEVENTS_MV.csv,../basic_filtered_data/mimic-iv-demo/2.2/icu/inputevents.csv.gz
31,INPUTEVENTS_MV,inputevents.csv,originalrate,originalrate,100,float,../basic_filtered_data/mimic-iii-demo/INPUTEVENTS_MV.csv,../basic_filtered_data/mimic-iv-demo/2.2/icu/inputevents.csv.gz
32,INPUTEVENTS_MV,inputevents.csv,filepath,filepath,100,../basic_filtered_data/mimic-iii-demo/INPUTEVENTS_MV.csv,../basic_filtered_data/mimic-iii-demo/INPUTEVENTS_MV.csv,../basic_filtered_data/mimic-iv-demo/2.2/icu/inputevents.csv.gz
0,D_ICD_PROCEDURES,d_icd_procedures.csv,Unnamed: 0,unnamed: 0,100,int,../basic_filtered_data/mimic-iii-demo/D_ICD_PROCEDURES.csv,../basic_filtered_data/mimic-iv-demo/2.2/hosp/d_icd_procedures.csv.gz
1,D_ICD_PROCEDURES,d_icd_procedures.csv,row_id,long_title,45,int,../basic_filtered_data/mimic-iii-demo/D_ICD_PROCEDURES.csv,../basic_filtered_data/mimic-iv-demo/2.2/hosp/d_icd_procedures.csv.gz
2,D_ICD_PROCEDURES,d_icd_procedures.csv,icd9_code,icd_code,94,int,../basic_filtered_data/mimic-iii-demo/D_ICD_PROCEDURES.csv,../basic_filtered_data/mimic-iv-demo/2.2/hosp/d_icd_procedures.csv.gz
3,D_ICD_PROCEDURES,d_icd_procedures.csv,short_title,long_title,67,string,../basic_filtered_data/mimic-iii-demo/D_ICD_PROCEDURES.csv,../basic_filtered_data/mimic-iv-demo/2.2/hosp/d_icd_procedures.csv.gz
4,D_ICD_PROCEDURES,d_icd_procedures.csv,long_title,long_title,100,string,../basic_filtered_data/mimic-iii-demo/D_ICD_PROCEDURES.csv,../basic_filtered_data/mimic-iv-demo/2.2/hosp/d_icd_procedures.csv.gz
5,D_ICD_PROCEDURES,d_icd_procedures.csv,filepath,filepath,100,../basic_filtered_data/mimic-iii-demo/D_ICD_PROCEDURES.csv,../basic_filtered_data/mimic-iii-demo/D_ICD_PROCEDURES.csv,../basic_filtered_data/mimic-iv-demo/2.2/hosp/d_icd_procedures.csv.gz
0,CPTEVENTS,inputevents.csv,Unnamed: 0,unnamed: 0,100,int,../basic_filtered_data/mimic-iii-demo/CPTEVENTS.csv,../basic_filtered_data/mimic-iv-demo/2.2/icu/inputevents.csv.gz
1,CPTEVENTS,inputevents.csv,row_id,caregiver_id,60,int,../basic_filtered_data/mimic-iii-demo/CPTEVENTS.csv,../basic_filtered_data/mimic-iv-demo/2.2/icu/inputevents.csv.gz
2,CPTEVENTS,inputevents.csv,subject_id,subject_id,100,int,../basic_filtered_data/mimic-iii-demo/CPTEVENTS.csv,../basic_filtered_data/mimic-iv-demo/2.2/icu/inputevents.csv.gz
3,CPTEVENTS,inputevents.csv,hadm_id,hadm_id,100,int,../basic_filtered_data/mimic-iii-demo/CPTEVENTS.csv,../basic_filtered_data/mimic-iv-demo/2.2/icu/inputevents.csv.gz
4,CPTEVENTS,inputevents.csv,costcenter,storetime,53,string,../basic_filtered_data/mimic-iii-demo/CPTEVENTS.csv,../basic_filtered_data/mimic-iv-demo/2.2/icu/inputevents.csv.gz
5,CPTEVENTS,inputevents.csv,chartdate,rate,68,datetime,../basic_filtered_data/mimic-iii-demo/CPTEVENTS.csv,../basic_filtered_data/mimic-iv-demo/2.2/icu/inputevents.csv.gz
6,CPTEVENTS,inputevents.csv,cpt_cd,subject_id,66,int,../basic_filtered_data/mimic-iii-demo/CPTEVENTS.csv,../basic_filtered_data/mimic-iv-demo/2.2/icu/inputevents.csv.gz
7,CPTEVENTS,inputevents.csv,cpt_number,continueinnextdept,45,int,../basic_filtered_data/mimic-iii-demo/CPTEVENTS.csv,../basic_filtered_data/mimic-iv-demo/2.2/icu/inputevents.csv.gz
8,CPTEVENTS,inputevents.csv,cpt_suffix,subject_id,40,,../basic_filtered_data/mimic-iii-demo/CPTEVENTS.csv,../basic_filtered_data/mimic-iv-demo/2.2/icu/inputevents.csv.gz
9,CPTEVENTS,inputevents.csv,ticket_id_seq,stay_id,51,int,../basic_filtered_data/mimic-iii-demo/CPTEVENTS.csv,../basic_filtered_data/mimic-iv-demo/2.2/icu/inputevents.csv.gz
10,CPTEVENTS,inputevents.csv,sectionheader,secondaryordercategoryname,56,string,../basic_filtered_data/mimic-iii-demo/CPTEVENTS.csv,../basic_filtered_data/mimic-iv-demo/2.2/icu/inputevents.csv.gz
11,CPTEVENTS,inputevents.csv,subsectionheader,subject_id,63,string,../basic_filtered_data/mimic-iii-demo/CPTEVENTS.csv,../basic_filtered_data/mimic-iv-demo/2.2/icu/inputevents.csv.gz
12,CPTEVENTS,inputevents.csv,description,ordercomponenttypedescription,90,string,../basic_filtered_data/mimic-iii-demo/CPTEVENTS.csv,../basic_filtered_data/mimic-iv-demo/2.2/icu/inputevents.csv.gz
13,CPTEVENTS,inputevents.csv,filepath,filepath,100,../basic_filtered_data/mimic-iii-demo/CPTEVENTS.csv,../basic_filtered_data/mimic-iii-demo/CPTEVENTS.csv,../basic_filtered_data/mimic-iv-demo/2.2/icu/inputevents.csv.gz
